open,close,high,low,value,volume,begin,end
280,272.25,280.41,271.8,11853565984.9,43086870,2025-01-03 00:00:00,2025-01-03 23:59:59
270.88,274.37,274.41,270.07,7737094495.2,28454750,2025-01-06 00:00:00,2025-01-06 23:59:59
273.07,277,277.87,273.07,7356165148.5,26634660,2025-01-08 00:00:00,2025-01-08 23:59:59
276.71,271.8,278.77,270.73,14491325783.8,52952880,2025-01-09 00:00:00,2025-01-09 23:59:59
272.31,278.77,279.53,270.27,19623132401.4,71154220,2025-01-10 00:00:00,2025-01-10 23:59:59
280.62,279.8,284.75,278.6,18781966095.5,66601710,2025-01-13 00:00:00,2025-01-13 23:59:59
279.84,279.85,282.36,277.41,12888705821.9,46037150,2025-01-14 00:00:00,2025-01-14 23:59:59
280,282.77,282.82,276.06,14768778206.9,52864450,2025-01-15 00:00:00,2025-01-15 23:59:59
283.7,281.8,284,281.18,13975953014.3,49453530,2025-01-16 00:00:00,2025-01-16 23:59:59
282.2,283.53,284.64,280.19,14674366108.3,51876150,2025-01-17 00:00:00,2025-01-17 23:59:59
285.1,278.19,286.23,277.61,19166116805.7,67946640,2025-01-20 00:00:00,2025-01-20 23:59:59
279.39,281.85,281.85,276.32,11305302708.9,40478260,2025-01-21 00:00:00,2025-01-21 23:59:59
282,280.36,284,280.2,13286163684.6,47106880,2025-01-22 00:00:00,2025-01-22 23:59:59
280.79,280.49,280.79,277.35,10774689057.8,38573410,2025-01-23 00:00:00,2025-01-23 23:59:59
281,280.74,282.75,279.25,9028740828.2,32155210,2025-01-24 00:00:00,2025-01-24 23:59:59
280.72,275.23,280.97,275.01,10825883885.4,39035610,2025-01-27 00:00:00,2025-01-27 23:59:59
275.25,278.35,279.26,274.01,10821743892.1,39030820,2025-01-28 00:00:00,2025-01-28 23:59:59
278,280.36,282.18,277.12,10974299055.3,39161630,2025-01-29 00:00:00,2025-01-29 23:59:59
280.44,281.97,282.5,280.36,7888310432.6,28020880,2025-01-30 00:00:00,2025-01-30 23:59:59
281.97,280.73,284.11,280.27,11395665602,40333120,2025-01-31 00:00:00,2025-01-31 23:59:59
280.21,279.55,280.35,278,8477125815.3,30373760,2025-02-03 00:00:00,2025-02-03 23:59:59
279.55,277.4,281.41,275.7,6685824653.4,23986670,2025-02-04 00:00:00,2025-02-04 23:59:59
277.3,282.88,283.89,275.34,12035124307.1,43070410,2025-02-05 00:00:00,2025-02-05 23:59:59
283.89,287.15,288.92,282.09,19885584125.2,69363150,2025-02-06 00:00:00,2025-02-06 23:59:59
287.66,285.81,288.9,285.08,7924869053.3,27626070,2025-02-07 00:00:00,2025-02-07 23:59:59
287.61,289.94,294.55,287.61,21267188580.4,73052590,2025-02-10 00:00:00,2025-02-10 23:59:59
290.35,294.06,294.1,289.3,16355814309,56009830,2025-02-11 00:00:00,2025-02-11 23:59:59
294.3,314,314.4,291.3,56277149585.3,185816680,2025-02-12 00:00:00,2025-02-12 23:59:59
315.61,310.1,318.72,307.2,36604642922.8,116925810,2025-02-13 00:00:00,2025-02-13 23:59:59
315.59,309.87,317.84,303.06,39525316749.6,126690930,2025-02-14 00:00:00,2025-02-14 23:59:59
314,319.5,319.55,312.31,26824441532.1,84827010,2025-02-17 00:00:00,2025-02-17 23:59:59
319.99,312.95,320.92,310.21,26823149077.9,85001770,2025-02-18 00:00:00,2025-02-18 23:59:59
313.53,315.91,317.25,311.01,15868701994,50484340,2025-02-19 00:00:00,2025-02-19 23:59:59
315.91,315.05,317.96,314.02,10477695990.6,33164900,2025-02-20 00:00:00,2025-02-20 23:59:59
315.48,314.74,316.69,312,10285495344.6,32725520,2025-02-21 00:00:00,2025-02-21 23:59:59
314.92,316.03,316.4,313,11245263329,35730390,2025-02-24 00:00:00,2025-02-24 23:59:59
316.03,316.97,318.59,315.62,12313543551,38826960,2025-02-25 00:00:00,2025-02-25 23:59:59
316.97,310.22,317.45,308.31,23040552826.8,73827020,2025-02-26 00:00:00,2025-02-26 23:59:59
310.22,307.1,312.45,305.43,18840933180.5,60936490,2025-02-27 00:00:00,2025-02-27 23:59:59
306.01,309.63,310.4,304.05,20165953351,65681370,2025-02-28 00:00:00,2025-02-28 23:59:59
309.84,310.11,310.94,309.47,352894151,1138430,2025-03-01 00:00:00,2025-03-01 23:59:56
309.5,307.44,309.63,306.8,580768223.4999995,1885110,2025-03-02 00:00:00,2025-03-02 23:59:59
306.45,305.5,307.92,300.2,20184378218.89999,66467290,2025-03-03 00:00:00,2025-03-03 23:59:52
306.95,316.4,318.5,306.14,27673062102.69999,88130960,2025-03-04 00:00:00,2025-03-04 23:59:56
316.4,313.56,318.3,313,18258763571.00001,57792400,2025-03-05 00:00:00,2025-03-05 23:59:55
313.6,315.18,317.43,313.57,10074119599.49998,31963110,2025-03-06 00:00:00,2025-03-06 23:59:51
315.19,316.92,321.87,310.69,35131355149.59997,110871260,2025-03-07 00:00:00,2025-03-07 23:59:55
316.98,317.57,320.63,316.37,12523199814.100004,39315360,2025-03-10 00:00:00,2025-03-10 23:59:56
317.7,319.69,321.98,315.57,20743337430.100014,64935150,2025-03-11 00:00:00,2025-03-11 23:59:55
319.99,318.39,320.9,315.8,13354955867.099998,41964450,2025-03-12 00:00:00,2025-03-12 23:59:55
318.39,316.37,320.5,312.5,24872186568.70003,78552090,2025-03-13 00:00:00,2025-03-13 23:59:56
316,320.51,321.1,314.12,16479988152.40002,51762530,2025-03-14 00:00:00,2025-03-14 23:59:55
320.69,320.74,321.3,319.82,466802663.6,1455280,2025-03-15 00:00:00,2025-03-15 23:59:56
320.52,323.44,323.5,320.52,1832146317.8999987,5680630,2025-03-16 00:00:00,2025-03-16 23:59:56
323.44,326.02,326.97,322.62,19106596632.19997,58701560,2025-03-17 00:00:00,2025-03-17 23:59:57
326.2,324.06,329.77,323.82,23858590971.49999,72947120,2025-03-18 00:00:00,2025-03-18 23:59:56
324.5,325.3,326.88,322.3,12924249479.50001,39800890,2025-03-19 00:00:00,2025-03-19 23:59:55
325.41,324.05,326,321.8,13733625340.500011,42356790,2025-03-20 00:00:00,2025-03-20 23:59:59
323.8,323.26,326.08,322.15,9307475192.499992,28707780,2025-03-21 00:00:00,2025-03-21 23:59:55
323.26,319.47,323.94,318.51,10625951470.3,33041960,2025-03-24 00:00:00,2025-03-24 23:59:56
320,319.8,322.2,314.65,15393054646.499973,48328480,2025-03-25 00:00:00,2025-03-25 23:59:55
319.9,315.23,320.88,315.01,6538901138.499995,20580040,2025-03-26 00:00:00,2025-03-26 23:59:59
315.51,311.96,317.16,311.95,11358486600.299994,36146350,2025-03-27 00:00:00,2025-03-27 23:59:56
311.96,308.04,313.65,305.65,16031305830.600002,51876870,2025-03-28 00:00:00,2025-03-28 23:59:56
307.8,303.89,308.3,302.64,1747735531.2999992,5739820,2025-03-29 00:00:00,2025-03-29 23:59:56
303.2,299.22,305.3,298.8,2759610417.2000003,9158830,2025-03-30 00:00:00,2025-03-30 23:59:56
300,309.72,310.88,300,14913988983.299997,48565800,2025-03-31 00:00:00,2025-03-31 23:59:56
310.5,303.24,312.9,302.7,14189067837.79999,46088340,2025-04-01 00:00:00,2025-04-01 23:59:55
303.23,306.11,306.5,301.21,12239463777.80001,40207020,2025-04-02 00:00:00,2025-04-02 23:59:55
306.21,302.09,309.2,296,15830422691.600004,52408560,2025-04-03 00:00:00,2025-04-03 23:59:56
303.55,285.35,304.37,284.4,26036638105.7,88719200,2025-04-04 00:00:00,2025-04-04 23:59:57
285.25,284.98,287.03,280.11,3989185557.3999977,14100160,2025-04-05 00:00:00,2025-04-05 23:59:56
285.35,290.35,290.47,284.22,2521287511.699998,8755880,2025-04-06 00:00:00,2025-04-06 23:59:57
285.3,287.56,294,275.76,35622731488.80004,125244840,2025-04-07 00:00:00,2025-04-07 23:59:49
290,282.03,294.66,281.5,18971747387.59999,65532930,2025-04-08 00:00:00,2025-04-08 23:59:51
280.91,293.4,294.48,276.33,31178982733.200012,109378190,2025-04-09 00:00:00,2025-04-09 23:59:53
294.09,292.21,296.75,291.55,14533935000.900002,49360530,2025-04-10 00:00:00,2025-04-10 19:04:15
293,299.81,300.48,292.8,15032498602.80003,50418210,2025-04-11 00:00:00,2025-04-11 23:59:55
300.18,300.95,301.8,300.03,1390132352.4999988,4615240,2025-04-12 00:00:00,2025-04-12 23:59:56
300.88,301.49,301.99,300.01,1229399056.6000006,4079210,2025-04-13 00:00:00,2025-04-13 23:59:56
301.49,296.5,302.4,295.13,10383449717.100002,34768950,2025-04-14 00:00:00,2025-04-14 23:59:55
296.51,297.99,300.45,295.6,7237200065.199996,24258710,2025-04-15 00:00:00,2025-04-15 23:59:55
298,300.8,303.3,296.06,9025534176.099997,30103500,2025-04-16 00:00:00,2025-04-16 23:59:55
300.89,304.8,305.07,300.41,11378109269.200003,37579800,2025-04-17 00:00:00,2025-04-17 23:59:55
302.7,300.01,303.85,296.25,13843312685.900003,46147920,2025-04-18 00:00:00,2025-04-18 23:59:55
302.67,308.12,308.7,301.76,15696937031.399996,51260130,2025-04-21 00:00:00,2025-04-21 23:59:55
308.5,312.25,315,306.55,19986720462.29999,64482010,2025-04-22 00:00:00,2025-04-22 23:59:55
313,310,314.98,305.55,18205856288.000015,58851190,2025-04-23 00:00:00,2025-04-23 23:59:55
310.77,310.16,312.8,309.09,7504459729.800006,24120000,2025-04-24 00:00:00,2025-04-24 23:59:59
310.85,316.69,317.87,310.71,16278145183.500025,51763570,2025-04-25 00:00:00,2025-04-25 23:59:55
318.42,317.58,320.26,317,3030912426.400002,9511000,2025-04-26 00:00:00,2025-04-26 23:59:56
318.2,318.18,318.97,317.39,711972353.0999999,2238080,2025-04-27 00:00:00,2025-04-27 23:59:57
318.36,314.23,320,313.52,16579805833.899977,52315790,2025-04-28 00:00:00,2025-04-28 23:59:57
314.99,309.41,315.45,308.1,9421538560.5,30249990,2025-04-29 00:00:00,2025-04-29 23:59:56
309.28,307.8,309.95,303.12,12646916301.799995,41266290,2025-04-30 00:00:00,2025-04-30 23:59:56
307.8,299.96,307.8,299.7,5981323145.999999,19751770,2025-05-02 00:00:00,2025-05-02 23:59:55
299.9,300.7,302.24,299.52,885285489.1000004,2942530,2025-05-03 00:00:00,2025-05-03 23:59:57
300.7,301.8,302.78,300.02,864836754.6999992,2867700,2025-05-04 00:00:00,2025-05-04 23:59:57
301.8,294.64,302.59,291.66,13480322823.399982,45508060,2025-05-05 00:00:00,2025-05-05 23:59:56
294.65,302.02,304.75,292.05,14773158821.500002,49327640,2025-05-06 00:00:00,2025-05-06 23:59:59
302.5,302.79,304.24,300.56,8976384139.900003,29667370,2025-05-07 00:00:00,2025-05-07 23:59:54
302.9,302.15,306,300.61,6320270506.899994,20811410,2025-05-08 00:00:00,2025-05-08 23:59:54
303.53,302.38,304,301.7,631306314.7999998,2084470,2025-05-10 00:00:00,2025-05-10 23:59:57
305.85,305.48,307.64,304.55,2502211997.600002,8172680,2025-05-11 00:00:00,2025-05-11 23:59:56
307.53,310.81,311.49,307.26,10750497142.800013,34702020,2025-05-12 00:00:00,2025-05-12 23:59:51
310.8,311.24,312.5,309.61,7704228262.300001,24762720,2025-05-13 00:00:00,2025-05-13 23:59:55
311.5,304.21,313.71,304.04,8424502346.79999,27152010,2025-05-14 00:00:00,2025-05-14 23:59:55
304.2,304.72,307.77,300.49,14406540059.199995,47487250,2025-05-15 00:00:00,2025-05-15 23:59:55
304.7,306.34,308.88,296.56,19427040526.800003,63956680,2025-05-16 00:00:00,2025-05-16 23:59:55
306.34,308.89,309.48,306.01,1477623227.9000003,4795590,2025-05-17 00:00:00,2025-05-17 23:59:57
309.67,311.15,311.86,309.3,1679170653.4000003,5402510,2025-05-18 00:00:00,2025-05-18 23:59:57
311.5,308.33,313,306.34,13788573869.600012,44498890,2025-05-19 00:00:00,2025-05-19 23:59:55
308.88,306.16,309.55,304.7,6083077283.300007,19810690,2025-05-20 00:00:00,2025-05-20 23:59:59
306.17,303.98,307.56,302.89,6242559258.5000105,20456330,2025-05-21 00:00:00,2025-05-21 23:59:55
304.5,302.66,305.6,299.17,10582114096.699991,35013910,2025-05-22 00:00:00,2025-05-22 23:59:57
302.66,302.22,305,301.33,5198782407.699999,17175890,2025-05-23 00:00:00,2025-05-23 23:59:55
302.22,297.77,302.49,295.5,10306538220.399984,34631470,2025-05-26 00:00:00,2025-05-26 23:59:56
297.73,298.7,299.9,293.08,7673014297.999992,25760040,2025-05-27 00:00:00,2025-05-27 23:59:54
299,308.47,308.82,299,14648131212.000013,48001460,2025-05-28 00:00:00,2025-05-28 23:59:55
308.61,306.65,309.95,305.66,7398147137.400005,24049740,2025-05-29 00:00:00,2025-05-29 23:59:55
306.27,309.3,310.29,305.01,6759369553.499991,21916240,2025-05-30 00:00:00,2025-05-30 23:59:56
309.31,308.74,309.84,308.31,451073946.50000036,1459500,2025-05-31 00:00:00,2025-05-31 23:59:56
308.69,303.14,308.69,300.51,3618159889.7999997,11904960,2025-06-01 00:00:00,2025-06-01 23:59:57
302.6,309.63,311.99,302,12643311908.799995,41216150,2025-06-02 00:00:00,2025-06-02 23:59:56
309.7,313.55,314.88,309.39,10951973457.999992,34937680,2025-06-03 00:00:00,2025-06-03 23:59:55
314,313.23,318.29,311.17,16958795557.500013,53786160,2025-06-04 00:00:00,2025-06-04 23:59:56
313.55,317.96,318.59,313.53,8986855429.999996,28359290,2025-06-05 00:00:00,2025-06-05 23:59:54
318.35,313.13,325.43,312.52,32500344718.100033,102022760,2025-06-06 00:00:00,2025-06-06 23:59:58
314,314.65,314.95,313.72,635883392.3000005,2022260,2025-06-07 00:00:00,2025-06-07 23:59:57
314.66,314.35,314.88,313.61,508442301.0999999,1618500,2025-06-08 00:00:00,2025-06-08 23:59:57
314.69,311.17,315.51,310,9389216316.600004,30113360,2025-06-09 00:00:00,2025-06-09 23:59:56
311.21,308.68,313.3,307.55,8619271205.500002,27818280,2025-06-10 00:00:00,2025-06-10 23:59:55
309.53,312,313.6,308.03,8191275736.2,26275440,2025-06-11 00:00:00,2025-06-11 23:59:59
313.28,310.2,313.39,309.53,4174681243.7000027,13424610,2025-06-13 00:00:00,2025-06-13 23:59:56
310.21,310.29,311.17,309.55,449114079.9,1445960,2025-06-14 00:00:00,2025-06-14 23:59:56
310.97,310.09,311.4,309.74,605167042.8999999,1949530,2025-06-15 00:00:00,2025-06-15 23:59:57
310.2,311.5,314.37,309.81,6656435011,21327040,2025-06-16 00:00:00,2025-06-16 23:59:51
311.61,313.56,314.93,310.5,7304100659.300002,23302090,2025-06-17 00:00:00,2025-06-17 23:59:55
313.56,313.38,314.82,311.63,5520966745.999993,17607700,2025-06-18 00:00:00,2025-06-18 23:59:55
313.41,312.46,316.45,312.14,9522281144.399996,30310650,2025-06-19 00:00:00,2025-06-19 23:59:59
312.46,309.7,313.59,309.3,6863014852.000015,22045200,2025-06-20 00:00:00,2025-06-20 23:59:54
310.9,310.17,311.44,308.04,4938806149.600001,15950290,2025-06-23 00:00:00,2025-06-23 23:59:55
310.3,311.37,312.02,309,5897307982.6,18994470,2025-06-24 00:00:00,2025-06-24 23:59:59
311.65,313.78,314.29,311.57,6341067887.70001,20230110,2025-06-25 00:00:00,2025-06-25 23:59:56
313.8,312.84,314.5,312.74,4068113458.200002,12976890,2025-06-26 00:00:00,2025-06-26 23:59:54
313.03,315.18,315.5,313,5982192972.000001,19035650,2025-06-27 00:00:00,2025-06-27 23:59:59
315.2,315.31,315.67,315.11,281025070.49999994,890790,2025-06-28 00:00:00,2025-06-28 23:59:57
315.32,315.95,317.5,315.31,835561529.3000003,2641730,2025-06-29 00:00:00,2025-06-29 23:59:59
315.95,316.15,317.7,314.6,8408743051.600003,26600320,2025-06-30 00:00:00,2025-06-30 23:59:56
316.69,318.42,319.6,316.3,6964251168.600004,21887840,2025-07-01 00:00:00,2025-07-01 23:59:54
318.96,319.43,319.85,317.41,6600317218.200002,20701250,2025-07-02 00:00:00,2025-07-02 23:59:55
319.53,319.17,321.5,318.74,6500049426.2,20286790,2025-07-03 00:00:00,2025-07-03 23:59:55
318.85,319.44,321.41,317.5,5689934411.000002,17811390,2025-07-04 00:00:00,2025-07-04 23:59:55
319.5,319.55,320.6,319.5,214954813.90000015,671870,2025-07-05 00:00:00,2025-07-05 23:59:56
319.65,319.37,319.7,319.29,132902587.10000008,416040,2025-07-06 00:00:00,2025-07-06 23:59:56
319.38,313.5,319.94,312.82,9439148210.300007,29913000,2025-07-07 00:00:00,2025-07-07 23:59:55
313.34,309.71,315.31,309.6,7996138126.899993,25532140,2025-07-08 00:00:00,2025-07-08 23:59:55
310.01,310.09,312.3,307.6,9252314230.599983,29871070,2025-07-09 00:00:00,2025-07-09 23:59:56
310.77,314.01,315.07,310.5,7434156902.400009,23711960,2025-07-10 00:00:00,2025-07-10 23:59:56
314.5,309.88,317.88,308.85,12241821099.600016,39276450,2025-07-11 00:00:00,2025-07-11 23:59:56
310,310.2,311,310,271310868.7,873720,2025-07-12 00:00:00,2025-07-12 23:59:56
310.5,309.44,310.91,308.8,329908157.2000001,1066040,2025-07-13 00:00:00,2025-07-13 23:59:57
308.96,317.97,318.85,304.38,18403047475.000015,59042270,2025-07-14 00:00:00,2025-07-14 23:59:57
318.16,319.99,320.43,316.6,12910720451.20001,40470270,2025-07-15 00:00:00,2025-07-15 23:59:56
320,321.58,322,319.54,11827832481.600008,36861670,2025-07-16 00:00:00,2025-07-16 23:59:55
321.26,327.05,329.23,321.19,29731917686.30001,91182020,2025-07-17 00:00:00,2025-07-17 23:59:56
300.45,309,309.4,300.25,35354690604.99996,115982520,2025-07-18 00:00:00,2025-07-18 23:59:56
309.69,312.42,313.91,309.59,2819873173.299999,9029970,2025-07-19 00:00:00,2025-07-19 23:59:57
313.49,312.58,313.78,312.05,1540377815.5999992,4921320,2025-07-20 00:00:00,2025-07-20 23:59:57
312.99,310.4,314.56,309.31,13947179362.399996,44824260,2025-07-21 00:00:00,2025-07-21 23:59:57
310.65,310.67,311.72,308.55,8360752088.199999,26942000,2025-07-22 00:00:00,2025-07-22 23:59:59
311,313.08,314.49,310.78,11718452317.199995,37399400,2025-07-23 00:00:00,2025-07-23 23:59:59
313.09,310.83,313.99,309.75,8668962709.699995,27841890,2025-07-24 00:00:00,2025-07-24 23:59:55
310.86,308.93,311.76,306,15731070355.09998,50866870,2025-07-25 00:00:00,2025-07-25 23:59:57
309.35,308.91,309.95,308.86,414202470.7999993,1339260,2025-07-26 00:00:00,2025-07-26 23:59:57
308.86,308.83,309.15,308.12,545606847.2999997,1768030,2025-07-27 00:00:00,2025-07-27 23:59:57
309.44,303.97,309.45,303.54,11817029725.600004,38627240,2025-07-28 00:00:00,2025-07-28 23:59:58
304.77,305.26,308.26,303.05,9375226490.199999,30696940,2025-07-29 00:00:00,2025-07-29 23:59:55
305.58,303.3,306.2,303.2,4412739606.099999,14499120,2025-07-30 00:00:00,2025-07-30 23:59:59
303.9,304.95,305.79,302.81,6052599147.199992,19884770,2025-07-31 00:00:00,2025-07-31 23:59:55
305.41,304.22,307.5,302.89,5640029361.959999,25320049,2025-08-01 00:00:00,2025-08-01 23:59:56
305.3,307.95,308.12,304.5,8705418280.859991,28420639,2025-08-04 00:00:00,2025-08-04 23:59:56
307.97,307.38,308.67,305.25,6600273789.409998,21497509,2025-08-05 00:00:00,2025-08-05 23:59:54
307.4,310.22,312.96,303.33,18467299362.310005,59949361,2025-08-06 00:00:00,2025-08-06 23:59:51
310.22,313.43,316.5,308.76,22585748627.03001,72089666,2025-08-07 00:00:00,2025-08-07 23:59:56
314.68,317.97,317.98,312.6,11005948334.74,34959877,2025-08-08 00:00:00,2025-08-08 23:59:59
321.72,317.82,322.9,317.05,13561508440.329996,42436965,2025-08-11 00:00:00,2025-08-11 23:59:57
318.17,318,318.99,316.6,5965464945.6799965,18765577,2025-08-12 00:00:00,2025-08-12 23:59:54
318,317.51,319.7,317.05,6725812960.169995,21127896,2025-08-13 00:00:00,2025-08-13 23:59:59
317.6,318.73,319.2,314.81,8396973453.219994,26459276,2025-08-14 00:00:00,2025-08-14 23:59:59
318.9,319.4,320.5,318.45,8332392054.180002,26071682,2025-08-15 00:00:00,2025-08-15 23:59:51
316.86,315.17,316.88,310.03,3237814222.859998,10296497,2025-08-16 00:00:00,2025-08-16 23:59:56
315.5,314.97,315.8,314.8,599506864.47,1902692,2025-08-17 00:00:00,2025-08-17 23:59:57
315.01,318.38,319.89,314.3,11110049777.740015,35044641,2025-08-18 00:00:00,2025-08-18 23:59:56
318.98,316.5,319.73,316.29,6964277289.180008,21879576,2025-08-19 00:00:00,2025-08-19 23:59:55
316.53,314.17,317.51,313.02,5869479046.82,18653270,2025-08-20 00:00:00,2025-08-20 23:59:59
314.17,309.98,315.1,309.28,9613839595.840006,30815394,2025-08-21 00:00:00,2025-08-21 23:59:56
310.11,312.05,312.49,309.75,4824423002.320003,15495808,2025-08-22 00:00:00,2025-08-22 23:59:55
312.11,312.3,312.5,311.55,177227685.37,567839,2025-08-23 00:00:00,2025-08-23 23:59:57
312.3,311.84,312.45,311.5,227834332.12000006,730827,2025-08-24 00:00:00,2025-08-24 23:59:56
311.84,311.42,312.3,308.75,4747806801.169988,15298883,2025-08-25 00:00:00,2025-08-25 23:59:51
311.11,311.79,314,310.5,3529157240.5700026,11297232,2025-08-26 00:00:00,2025-08-26 23:59:55
312,312.78,313.78,311.06,3654563019.239999,11692831,2025-08-27 00:00:00,2025-08-27 23:59:59
313.03,310.82,314.5,310.12,6341434576.040005,20309447,2025-08-28 00:00:00,2025-08-28 23:59:55
311.18,310.04,311.82,308.95,4611253588.029998,14855695,2025-08-29 00:00:00,2025-08-29 23:59:55
309.99,309.92,310.54,309.71,242165422.32999998,780762,2025-08-30 00:00:00,2025-08-30 23:59:57
309.92,310.99,311.24,309.92,339862515.42999953,1093718,2025-08-31 00:00:00,2025-08-31 23:59:56
310.86,309.2,312.5,308.82,3429144391.6399965,11045087,2025-09-01 00:00:00,2025-09-01 23:59:55
309.2,308.44,310.1,307.05,5366665365.110001,17407779,2025-09-02 00:00:00,2025-09-02 23:59:56
308.45,309.49,309.68,307.21,3233933499.5099974,10482402,2025-09-03 00:00:00,2025-09-03 23:59:59
309.6,308.74,310.8,307.5,3974488416.2399983,12848837,2025-09-04 00:00:00,2025-09-04 23:59:54
309.1,310.5,311.16,308.8,3614081672.130001,11650553,2025-09-05 00:00:00,2025-09-05 23:59:59
310.5,310.13,310.9,310.1,203152780.62999982,654610,2025-09-06 00:00:00,2025-09-06 23:59:56
310.13,310.69,311,310.13,228108774.07,734383,2025-09-07 00:00:00,2025-09-07 23:59:57
310.44,312.83,313.26,310.31,5299396869.880001,16963643,2025-09-08 00:00:00,2025-09-08 23:59:55
313,313.06,314.25,311.62,5359212726.610006,17116843,2025-09-09 00:00:00,2025-09-09 23:59:59
313.65,309.76,313.65,309,5999706054.390001,19292572,2025-09-10 00:00:00,2025-09-10 23:59:55
309.76,307.11,310.77,305.8,9052430559.630013,29436347,2025-09-11 00:00:00,2025-09-11 23:59:59
307.5,303.5,308.72,302.53,12001884293.420013,39315303,2025-09-12 00:00:00,2025-09-12 23:59:59
303.61,302.84,303.8,302.65,387970484.06,1279027,2025-09-13 00:00:00,2025-09-13 23:59:56
303.18,303.97,304.25,302.72,475448886.61,1566130,2025-09-14 00:00:00,2025-09-14 23:59:56
304,302.48,304.75,300.71,6637780297.000008,21943886,2025-09-15 00:00:00,2025-09-15 23:59:59
303,301.8,304.2,299.7,7874847903.39,26108050,2025-09-16 00:00:00,2025-09-16 23:59:55
301.8,304.5,305.92,299.8,9515741220.009989,31421531,2025-09-17 00:00:00,2025-09-17 23:59:59
304.8,301.68,305.05,300.66,8315372549.130001,27536729,2025-09-18 00:00:00,2025-09-18 23:59:59
301.6,294.84,303.8,294.61,11635708803.639973,38919790,2025-09-19 00:00:00,2025-09-19 23:59:59
295.86,298.05,299.3,292.16,12146855505.869999,41184639,2025-09-22 00:00:00,2025-09-22 23:59:56
298.26,291.6,300.11,290.39,10055129316.839998,33989319,2025-09-23 00:00:00,2025-09-23 23:59:59
291.8,293.31,296.64,288.4,14013824160.560005,47845030,2025-09-24 00:00:00,2025-09-24 23:59:55
293.87,289.9,294.89,289.5,6131641048.37,20998024,2025-09-25 00:00:00,2025-09-25 23:59:54
290.2,291.33,292.79,288.52,6577490806.230006,22643314,2025-09-26 00:00:00,2025-09-26 23:59:54
291.03,291.69,292,291.03,210816051.0800001,723038,2025-09-27 00:00:00,2025-09-27 23:59:57
291.69,291.08,291.85,290.95,173916727.3499999,596818,2025-09-28 00:00:00,2025-09-28 23:59:57
291.4,287.57,295.5,286.5,10173459123.44,34950615,2025-09-29 00:00:00,2025-09-29 23:59:55
287.67,288.36,289.88,285.24,8448898245.349996,29382368,2025-09-30 00:00:00,2025-09-30 23:59:59
288.88,286.4,290.39,285.11,6576740304.079999,22897705,2025-10-01 00:00:00,2025-10-01 23:59:54
286.4,285.22,287.15,282.8,7977142960.950017,28023440,2025-10-02 00:00:00,2025-10-02 23:59:59
285.75,282.91,287.32,282.58,4866587736.440003,17098575,2025-10-03 00:00:00,2025-10-03 23:59:59
283,280.4,283,279.39,1580689004.8099995,5632692,2025-10-04 00:00:00,2025-10-04 23:59:57
280.4,281.99,282.13,279.14,687662202.8999999,2450371,2025-10-05 00:00:00,2025-10-05 23:59:57
282.39,290.56,291.17,281.82,10457639041.399986,36480863,2025-10-06 00:00:00,2025-10-06 23:59:55
290,293.89,295.87,288.75,11118592914.900005,37893983,2025-10-07 00:00:00,2025-10-07 23:59:54
293.93,281.9,295,278,21455966507.52003,75222569,2025-10-08 00:00:00,2025-10-08 23:59:51
282.8,289.37,290.45,278.75,21756142085.850056,76179258,2025-10-09 00:00:00,2025-10-09 23:59:55
289.9,285.12,289.95,284.1,9802145252.36,34168796,2025-10-10 00:00:00,2025-10-10 23:59:55
284.4,285.16,285.31,282.22,678528795.17,2386239,2025-10-11 00:00:00,2025-10-11 23:59:57
285.12,286.81,286.85,285,475355856.8499995,1662362,2025-10-12 00:00:00,2025-10-12 23:59:56
286.99,285.39,288.75,282.35,9474558808.67001,33206410,2025-10-13 00:00:00,2025-10-13 23:59:59
285.5,283.3,286.99,282.05,6336024375.6399975,22304284,2025-10-14 00:00:00,2025-10-14 23:59:54
283.93,283.74,285.39,282,6354633082.600008,22412693,2025-10-15 00:00:00,2025-10-15 23:59:55
283.9,302.91,304,282.4,27693939616.719986,94011501,2025-10-16 00:00:00,2025-10-16 23:59:51
303.23,300.91,305,299.76,13662360087.790018,45293894,2025-10-17 00:00:00,2025-10-17 23:59:55
301.3,304.18,304.8,301.3,2076456983.379998,6838786,2025-10-18 00:00:00,2025-10-18 23:59:57
304.22,303.03,304.87,302.24,1001587937.04,3301013,2025-10-19 00:00:00,2025-10-19 23:59:56
303.95,304,306.15,302.71,7510752602.509995,24667908,2025-10-20 00:00:00,2025-10-20 23:59:54
304.1,295.47,304.43,290.5,21009220004.879963,70646260,2025-10-21 00:00:00,2025-10-21 23:59:55
295.52,290.02,295.77,286.76,12617477172.48001,43163350,2025-10-22 00:00:00,2025-10-22 23:59:59
286.93,291.8,291.98,285.21,11285276468.590008,39228445,2025-10-23 00:00:00,2025-10-23 23:59:59
292.17,287.55,294.93,286.3,13867992000.929987,47904311,2025-10-24 00:00:00,2025-10-24 23:59:59
287.47,283.17,287.99,282.46,9995467134.350004,35162033,2025-10-27 00:00:00,2025-10-27 23:59:59
283.22,289.46,290.7,281,10631654782.900002,36966759,2025-10-28 00:00:00,2025-10-28 23:59:59
290.45,290.5,291.51,288.15,6313299551.419992,21784278,2025-10-29 00:00:00,2025-10-29 23:59:54
290.49,296.12,298,289.13,11142750680.779997,37766748,2025-10-30 00:00:00,2025-10-30 23:59:59
296.04,291.89,297.97,290,9302630867.510008,31675676,2025-10-31 00:00:00,2025-10-31 23:59:54
292,293.7,294.42,290.35,3763739970.14,12822737,2025-11-01 00:00:00,2025-11-01 23:59:58
294.19,298.04,300,294.19,5350986709.950004,17970362,2025-11-03 00:00:00,2025-11-03 23:59:57
297.64,295.7,298.82,293.88,9996341505.050007,33737444,2025-11-05 00:00:00,2025-11-05 23:59:58
295.73,294.27,296.93,292.01,7064646712.27999,24025168,2025-11-06 00:00:00,2025-11-06 23:59:58
293.5,296.84,298.09,292.52,6541015487.159998,22069475,2025-11-07 00:00:00,2025-11-07 23:59:58
297.27,297.93,298.44,296.7,951575885.0599996,3197476,2025-11-08 00:00:00,2025-11-08 23:59:57
297.93,297.97,298.35,297.59,180088695.92999992,604540,2025-11-09 00:00:00,2025-11-09 23:59:59
297.97,300.46,302.79,297.36,11794871611.210018,39179839,2025-11-10 00:00:00,2025-11-10 23:59:58
300.86,301.12,301.87,298.06,6452433192.429999,21489101,2025-11-11 00:00:00,2025-11-11 23:59:58
301.15,299.09,301.89,296.81,7277070281.419997,24329162,2025-11-12 00:00:00,2025-11-12 23:59:58
299,299.09,301.53,297.67,5048729657.949996,16853483,2025-11-13 00:00:00,2025-11-13 23:59:58
299.09,297.44,299.7,295.5,5838418641.349995,19655059,2025-11-14 00:00:00,2025-11-14 23:59:58
297.44,297.17,297.89,296.8,197719640.79999983,665258,2025-11-15 00:00:00,2025-11-15 23:59:59
297.1,297,297.2,296.66,156705379.0900001,527655,2025-11-16 00:00:00,2025-11-16 23:59:59
296.02,294.68,296.55,293.64,6303614862.269988,21363071,2025-11-17 00:00:00,2025-11-17 23:59:58
294.68,299.44,302.86,293.33,14157514528.870007,47260145,2025-11-18 00:00:00,2025-11-18 23:59:58
300,304.75,309.9,298.66,18329390316.710022,60132565,2025-11-19 00:00:00,2025-11-19 23:59:59
304.76,307.89,308.88,301.78,12934315611.36,42352133,2025-11-20 00:00:00,2025-11-20 23:59:58
308.5,306.7,309.23,304.22,9917805065.750004,32336510,2025-11-21 00:00:00,2025-11-21 23:59:58
308.67,305.87,309.95,303.7,8129662622.060006,26541972,2025-11-24 00:00:00,2025-11-24 23:59:59
306,306.6,307.97,303,9007594998.840004,29434900,2025-11-25 00:00:00,2025-11-25 23:59:59
306.48,304.96,306.87,304,3946630169.1599975,12942518,2025-11-26 00:00:00,2025-11-26 23:59:57
305.47,299.53,306.25,297.33,10394336262.279995,34517910,2025-11-27 00:00:00,2025-11-27 23:59:58
300.86,304.17,305.26,299.05,7515783116.959988,24863407,2025-11-28 00:00:00,2025-11-28 23:59:58
304.32,303.88,304.97,303.76,294309754.89,967797,2025-11-29 00:00:00,2025-11-29 23:59:59
303.86,305.23,305.43,303.6,603673487.5400003,1979918,2025-11-30 00:00:00,2025-11-30 23:59:59
305.48,305.2,306.48,303.01,6342232904.2599945,20791122,2025-12-01 00:00:00,2025-12-01 23:59:58
305.6,303.77,305.92,301.46,6048433753.400007,19883739,2025-12-02 00:00:00,2025-12-02 23:59:57
301.1,302.85,303.76,299.1,8702516170.899998,28901358,2025-12-03 00:00:00,2025-12-03 23:59:58
303.25,301.76,304.58,301.4,5030112558.879993,16616235,2025-12-04 00:00:00,2025-12-04 23:59:58
301.76,307.22,307.92,301.66,10450683867.559978,34203718,2025-12-05 00:00:00,2025-12-05 23:59:58
307.53,304.95,308.48,304.2,8463863073.749999,27634404,2025-12-08 00:00:00,2025-12-08 23:59:59
305,306.39,307.7,304.5,7038561904.880006,22986737,2025-12-09 00:00:00,2025-12-09 23:59:58
307,306.73,307.68,306,4477612444.650007,14599471,2025-12-10 00:00:00,2025-12-10 23:59:59
306.84,307.19,309.41,305.2,13555005667.31,44063111,2025-12-11 00:00:00,2025-12-11 23:59:59
307.21,303.86,307.92,303.61,9721821856.20002,31814259,2025-12-12 00:00:00,2025-12-12 23:59:59
304.32,304.77,305.34,304.32,618054057.8700004,2027722,2025-12-13 00:00:00,2025-12-13 23:59:57
304.77,304.39,304.95,304.05,474104951.17,1557575,2025-12-14 00:00:00,2025-12-14 23:59:57
304.58,305.08,305.8,303.07,8332700030.069993,27376085,2025-12-15 00:00:00,2025-12-15 23:59:59
305.07,304.78,306.2,303.53,7571279480.470008,24824717,2025-12-16 00:00:00,2025-12-16 23:59:58
304.79,303.5,305.88,301.78,9201627020.25,30322906,2025-12-17 00:00:00,2025-12-17 23:59:58
303.38,301.96,304.27,300.47,11595792384.770006,38425498,2025-12-18 00:00:00,2025-12-18 23:59:59
302.3,299.87,303.25,298.51,15565216005.099981,51746725,2025-12-19 00:00:00,2025-12-19 23:59:59
300.01,300.26,300.65,299.92,523604497.4999993,1744024,2025-12-20 00:00:00,2025-12-20 23:59:56
300.3,299.92,300.49,299.49,748483147.8099998,2495134,2025-12-21 00:00:00,2025-12-21 23:59:56
300.38,297.72,300.48,296.84,7036010780.9,23596587,2025-12-22 00:00:00,2025-12-22 23:59:59
298.03,300.65,301.68,297.32,5537942834.7300005,18476872,2025-12-23 00:00:00,2025-12-23 23:59:59
300.66,302.03,303.15,299.32,6229203594.239996,20631838,2025-12-24 00:00:00,2025-12-24 23:59:58
302.31,300.26,302.72,300.07,3507971432.099998,11659403,2025-12-25 00:00:00,2025-12-25 23:59:59
300.26,302.51,302.6,300.02,7471305890.610008,24760307,2025-12-26 00:00:00,2025-12-26 23:59:58
302.66,302.63,303.2,302.51,553673451.2700001,1827803,2025-12-27 00:00:00,2025-12-27 23:59:57
302.6,302.55,302.83,301.37,940802983.51,3113900,2025-12-28 00:00:00,2025-12-28 23:59:57
303,299.7,306.2,298.5,15684479299.810003,51927078,2025-12-29 00:00:00,2025-12-29 23:59:59
300.5,299.9,300.99,299.08,5995707082.48999,19986979,2025-12-30 00:00:00,2025-12-30 23:59:58
300,298.78,300.12,296.21,4600917411.640005,15436418,2026-01-05 00:00:00,2026-01-05 23:59:59
298.86,299.08,299.94,298.2,2083074827.929996,6964708,2026-01-06 00:00:00,2026-01-06 23:59:57
296.85,298,298.5,296.35,3086340363.870004,10369894,2026-01-08 00:00:00,2026-01-08 23:59:58
298.07,299.04,299.39,297.82,2272887301.6000013,7607473,2026-01-09 00:00:00,2026-01-09 23:59:57
299.15,299.16,301.4,298,4842370405.120004,16155274,2026-01-12 00:00:00,2026-01-12 23:59:59
299.2,297.23,301.04,296.61,5469857113.11001,18378726,2026-01-13 00:00:00,2026-01-13 23:59:59
297.23,298.58,299.78,296.02,5472725248.669992,18334454,2026-01-14 00:00:00,2026-01-14 23:59:59
298.25,299.16,299.8,297.4,3953716772.2900043,13250411,2026-01-15 00:00:00,2026-01-15 23:59:59
299.43,301.52,301.97,298.9,6226817380.799995,20712588,2026-01-16 00:00:00,2026-01-16 23:59:59
301.67,301.28,301.89,301,319846157.41000026,1061595,2026-01-17 00:00:00,2026-01-17 23:59:59
301.28,301.86,301.89,301.1,259434912.8300001,860536,2026-01-18 00:00:00,2026-01-18 23:59:57
302,303.62,304.73,300.34,7362755348.760003,24288292,2026-01-19 00:00:00,2026-01-19 23:59:59
303.89,304.03,304.65,302.47,5201023168.340007,17136591,2026-01-20 00:00:00,2026-01-20 23:59:58
304.1,306.49,306.94,303,8034147581.29,26303679,2026-01-21 00:00:00,2026-01-21 23:59:59
306.6,306.22,307,304.22,7138151902.739997,23320211,2026-01-22 00:00:00,2026-01-22 23:59:59
305.96,306.88,307.36,305.3,5237994811.219998,17087324,2026-01-23 00:00:00,2026-01-23 23:59:58
306.88,306.29,307.35,305.12,1016741941.5800002,3320980,2026-01-24 00:00:00,2026-01-24 23:59:52
306.36,306.75,307.02,305.93,464160782.4399997,1513265,2026-01-25 00:00:00,2026-01-25 23:59:56
306.6,303.17,306.65,302.7,6043920977.58001,19866074,2026-01-26 00:00:00,2026-01-26 23:59:55
303.21,304.92,305.3,302.86,4797651863.489998,15774419,2026-01-27 00:00:00,2026-01-27 23:59:59
305,303.58,305.58,303.55,3878400631.0900006,12736685,2026-01-28 00:00:00,2026-01-28 23:59:59
303.6,308.52,311.5,303.59,16423403986.49003,53351947,2026-01-29 00:00:00,2026-01-29 23:59:51
308,305.62,309.08,304.5,7241568363.890005,23671670,2026-01-30 00:00:00,2026-01-30 23:59:54
305.94,305.7,306.14,305.19,338886901.5299995,1108759,2026-01-31 00:00:00,2026-01-31 23:59:59
305.72,306.38,306.97,305.41,722962016.5499992,2359931,2026-02-01 00:00:00,2026-02-01 23:59:56
306.49,304.16,306.49,302,7724564609.739997,25440425,2026-02-02 00:00:00,2026-02-02 23:59:59
304.5,303.81,305.2,303.03,4400421340.719999,14464001,2026-02-03 00:00:00,2026-02-03 23:59:59
303.97,303.86,305.8,303.17,6055261746.459996,19860749,2026-02-04 00:00:00,2026-02-04 23:59:59
303.85,301.45,304.19,300.41,8305644090.679993,27536502,2026-02-05 00:00:00,2026-02-05 23:59:55
301.45,300.61,302.5,300.52,3568606905.919993,11841971,2026-02-06 00:00:00,2026-02-06 23:59:58
301.2,301.75,302.34,301.06,546928423.93,1812511,2026-02-07 00:00:00,2026-02-07 23:59:56
302.19,301.67,302.4,301.41,397874014.8699996,1318036,2026-02-08 00:00:00,2026-02-08 23:59:56
302.13,301.81,302.71,300.66,3675907011.469991,12188395,2026-02-09 00:00:00,2026-02-09 23:59:59
301.87,302.9,304.8,301.82,8370846904.829985,27588552,2026-02-10 00:00:00,2026-02-10 23:59:59
303,305.76,306.29,302.91,9089253937.740005,29809193,2026-02-11 00:00:00,2026-02-11 23:59:59
306,305.2,307.25,304.75,6872229824.930008,22458986,2026-02-12 00:00:00,2026-02-12 23:59:58
305.67,308.55,308.59,304.05,11293916302.93998,36814938,2026-02-13 00:00:00,2026-02-13 23:59:55
308.84,311,312.4,308.84,12071885612.21001,38815643,2026-02-16 00:00:00,2026-02-16 23:59:59
311.95,310.77,312,308.86,6604055046.790006,21276701,2026-02-17 00:00:00,2026-02-17 23:59:59
310.5,313.4,313.96,309.54,10816544861.900007,34610069,2026-02-18 00:00:00,2026-02-18 23:59:59
314,313.14,314.77,312.33,5960457584.019999,19014144,2026-02-19 00:00:00,2026-02-19 23:59:59
313.14,314,314.59,312.12,4963901610.079994,15829109,2026-02-20 00:00:00,2026-02-20 23:59:59
314.29,313.79,314.29,313.05,412357025.40999967,1315016,2026-02-21 00:00:00,2026-02-21 23:59:57
313.99,313.54,314.67,313.53,487924994.3299995,1553631,2026-02-22 00:00:00,2026-02-22 23:59:57
313.54,314.16,314.48,313.51,335762971.84999996,1069092,2026-02-23 00:00:00,2026-02-23 23:59:58
314.51,316.15,317.16,314.05,9771065301.459997,30919591,2026-02-24 00:00:00,2026-02-24 23:59:59
316.25,317.53,317.83,315.64,6005187980.639997,18969042,2026-02-25 00:00:00,2026-02-25 23:59:59
317.58,315.6,318.88,315,6349776887.380006,20024543,2026-02-26 00:00:00,2026-02-26 23:59:59
316,315.63,316.2,313.32,6634480527.560006,21086869,2026-02-27 00:00:00,2026-02-27 23:59:59
315.71,314.05,315.94,313.61,1830150649.0199995,5824463,2026-02-28 00:00:00,2026-02-28 23:59:57
313.99,315,315.6,313.72,1041613395.1899989,3308364,2026-03-01 00:00:00,2026-03-01 23:59:58
315.05,313.58,315.4,312.4,6910774182.429998,22023384,2026-03-02 00:00:00,2026-03-02 23:59:52
313.58,311.83,314,311,6629408604.4900055,21230110,2026-03-03 00:00:00,2026-03-03 23:59:55
312.1,311.1,312.7,310.5,4612443495.789993,14800457,2026-03-04 00:00:00,2026-03-04 23:59:58
311.45,314.68,315.8,311.22,6901816206.309999,21980101,2026-03-05 00:00:00,2026-03-05 23:59:59
314.8,314.14,317,314.09,4532868052.200004,14393455,2026-03-06 00:00:00,2026-03-06 23:59:59
314,316.3,317.36,312.16,5872682597.48999,18598046,2026-03-09 00:00:00,2026-03-09 23:59:59
316.49,314.8,319.28,313.59,10555916949.160004,33340187,2026-03-10 00:00:00,2026-03-10 23:59:59
315.47,315.09,318.2,314.23,5853968228.929989,18547784,2026-03-11 00:00:00,2026-03-11 23:59:58
315.5,316.39,317.28,315,4692126204.6500025,14846381,2026-03-12 00:00:00,2026-03-12 23:59:59
316.4,316.65,318.23,316.18,3958665468.9599996,12474326,2026-03-13 00:00:00,2026-03-13 23:59:58
317.16,317.26,317.68,316.68,284370631.32000005,896807,2026-03-14 00:00:00,2026-03-14 23:59:59
317.5,317.63,317.7,317.13,499580356.92000026,1573824,2026-03-15 00:00:00,2026-03-15 23:59:56
317.65,316.4,318.8,315.72,5969067753.299996,18824246,2026-03-16 00:00:00,2026-03-16 23:59:59
316.6,319.69,319.73,315.8,8286642841.73,26044180,2026-03-17 00:00:00,2026-03-17 23:59:58
319.8,320.51,322.17,318.8,12222390453.280008,38076511,2026-03-18 00:00:00,2026-03-18 23:59:58
320.9,320.77,321.43,319.21,7696321640.909989,24035017,2026-03-19 00:00:00,2026-03-19 23:59:54
321,320.16,322,319.51,6984138253.979995,21758167,2026-03-20 00:00:00,2026-03-20 23:59:38
320.16,316.87,320.74,314.87,10969857929.370018,34569625,2026-03-23 00:00:00,2026-03-23 23:59:59
317.43,317.17,317.9,315.72,3959495268.6900034,12487529,2026-03-24 00:00:00,2026-03-24 23:59:59
317.3,317.02,319,316.49,2786512167.3899937,8776779,2026-03-25 00:00:00,2026-03-25 23:59:59
317.32,315.92,317.7,315.26,4222905547.2299957,13353011,2026-03-26 00:00:00,2026-03-26 23:59:59
316.3,313.88,316.69,313.5,7427400803.529993,23618618,2026-03-27 00:00:00,2026-03-27 23:59:59
313.9,314.13,314.26,313.31,329835682.8499998,1050754,2026-03-28 00:00:00,2026-03-28 23:59:57
314.13,314.89,314.89,314.05,269329899.2599999,856008,2026-03-29 00:00:00,2026-03-29 23:59:57
315.05,314.48,316.3,312.4,7939262923.49001,25240801,2026-03-30 00:00:00,2026-03-30 23:59:59
315,314.22,315.63,313.43,4097036146.5399995,13040353,2026-03-31 00:00:00,2026-03-31 23:59:59
314.65,316.71,317.47,314.15,6001492034.799993,18962642,2026-04-01 00:00:00,2026-04-01 23:59:58
316.75,316.27,317.21,315.18,2964056269.000003,9372317,2026-04-02 00:00:00,2026-04-02 23:59:59
316.47,314.65,317.41,314.21,4666202700.220004,14790929,2026-04-03 00:00:00,2026-04-03 23:59:59
315.03,315.12,315.44,314.64,320483412.0700002,1017258,2026-04-04 00:00:00,2026-04-04 23:59:59
315.1,315.03,315.4,314.55,288293872.58000004,915253,2026-04-05 00:00:00,2026-04-05 23:59:56
315.04,318.98,319.75,314.6,11286630105.490005,35505681,2026-04-06 00:00:00,2026-04-06 23:59:58
319.28,317.87,320.81,317.66,7342497298.610012,23014285,2026-04-07 00:00:00,2026-04-07 23:59:59
319.5,319.4,321.18,318.4,5823360233.990007,18211595,2026-04-08 00:00:00,2026-04-08 23:59:58
319.75,317.51,320.86,316,10145476469.280016,31890826,2026-04-09 00:00:00,2026-04-09 23:59:59
317.98,317.29,318.79,316.57,4727314675.960005,14873204,2026-04-10 00:00:00,2026-04-10 23:59:59
317.31,317.91,317.92,317.11,289347849.57000005,911221,2026-04-11 00:00:00,2026-04-11 23:59:56
317.9,317.64,318.08,316.9,540076318.1200006,1701241,2026-04-12 00:00:00,2026-04-12 23:59:57
317.7,316.8,317.99,315.55,5121134029.910007,16173182,2026-04-13 00:00:00,2026-04-13 23:59:59
316.98,317.11,317.88,315.28,4168741932.0700054,13158936,2026-04-14 00:00:00,2026-04-14 23:59:59
317.7,320.91,321.66,316.45,9364646026.119997,29327448,2026-04-15 00:00:00,2026-04-15 23:59:59
320.91,322.16,325.2,320.41,13216945027.759998,40903680,2026-04-16 00:00:00,2026-04-16 23:59:59
322.18,323.87,324.8,321.22,8391359352.070003,25964984,2026-04-17 00:00:00,2026-04-17 23:59:55
323.87,324.26,325,323.71,831860054.2199994,2564415,2026-04-18 00:00:00,2026-04-18 23:59:56
324.89,324.75,325,324.02,548776150.6400006,1690601,2026-04-19 00:00:00,2026-04-19 23:59:56
325,325.3,326.26,323.13,6073090950.259997,18716776,2026-04-20 00:00:00,2026-04-20 23:59:59
325.3,323.47,325.51,321.8,7618886903.400007,23549316,2026-04-21 00:00:00,2026-04-21 23:59:59
324.3,326.5,327.19,323.23,7635797940.099981,23466927,2026-04-22 00:00:00,2026-04-22 23:59:59
326.6,327.39,328.24,325.8,6549320231.06999,20016804,2026-04-23 00:00:00,2026-04-23 23:59:59
327.69,325.19,328.17,324.23,9503459986.669992,29137930,2026-04-24 00:00:00,2026-04-24 23:59:59
325.23,325.68,325.73,325.23,332541355.45,1021141,2026-04-25 00:00:00,2026-04-25 23:59:56
325.71,324.98,325.95,324.81,419071976.3499999,1288257,2026-04-26 00:00:00,2026-04-26 23:59:56
325.28,321.99,325.69,321.61,5586915044.709996,17284762,2026-04-27 00:00:00,2026-04-27 23:59:58
322.04,319.82,322.89,319.4,7847437237.760004,24479673,2026-04-28 00:00:00,2026-04-28 23:59:59
320.2,320.09,321.85,316.21,13015134348.760012,40766275,2026-04-29 00:00:00,2026-04-29 23:59:59
321.99,319.81,321.99,318.21,6053620257.560002,18920593,2026-04-30 00:00:00,2026-04-30 23:59:58
320.27,320.35,320.8,319.81,477886819.9800002,1491476,2026-05-01 00:00:00,2026-05-01 23:59:59
320.35,320.58,320.67,320.04,200893138.93999997,626949,2026-05-02 00:00:00,2026-05-02 23:59:56
320.65,320.96,321.05,320.31,197619632.75999993,615957,2026-05-03 00:00:00,2026-05-03 23:59:59
321.19,321.79,323.47,318.76,6998037125.179994,21784229,2026-05-04 00:00:00,2026-05-04 23:59:59
321.82,321.2,322.9,317.71,7431309718.639993,23183857,2026-05-05 00:00:00,2026-05-05 23:59:58
321.5,319.9,322.5,319.26,4486948062.450004,13999932,2026-05-06 00:00:00,2026-05-06 23:59:58
319.9,318.77,320.37,318.52,3033445172.7099996,9498277,2026-05-07 00:00:00,2026-05-07 23:59:57
318.79,320.39,321.8,318.26,4686668650.979999,14662157,2026-05-08 00:00:00,2026-05-08 23:59:58
321.5,323.75,324.82,321.23,5666261913.450002,17513848,2026-05-11 00:00:00,2026-05-11 23:59:58
324.07,326.95,326.98,323.23,6704132041.750004,20591587,2026-05-12 00:00:00,2026-05-12 23:59:58
326.97,325.75,326.99,325,3894019618.3100014,11950458,2026-05-13 00:00:00,2026-05-13 23:59:57
325.8,324.2,327.43,324,4609486343.109997,14151563,2026-05-14 00:00:00,2026-05-14 23:59:58
324.5,322.98,325.95,322.08,4898769265.780003,15117867,2026-05-15 00:00:00,2026-05-15 23:59:58
323.25,323.57,323.59,323.04,282392317.1099998,873241,2026-05-16 00:00:00,2026-05-16 23:59:56
323.59,323.72,324.1,323.06,280592051.9399999,867228,2026-05-17 00:00:00,2026-05-17 23:59:56
323.85,325.23,325.98,321.31,6016103003.149992,18592247,2026-05-18 00:00:00,2026-05-18 23:59:58
325.78,323.87,326.78,323.4,4734450831.240003,14567588,2026-05-19 00:00:00,2026-05-19 23:59:58
323.91,323.25,324.8,322.54,4103233785.379999,12683730,2026-05-20 00:00:00,2026-05-20 23:59:59
323.4,322.79,324.13,321.01,6140021290.41,19040819,2026-05-21 00:00:00,2026-05-21 23:59:59
323.3,322.46,326.28,321.8,8483391084.719998,26179278,2026-05-22 00:00:00,2026-05-22 23:59:58
322.5,322.72,322.99,322.46,335233630.65999985,1038874,2026-05-23 00:00:00,2026-05-23 23:59:56
322.72,322.61,322.77,322.03,441345599.2599999,1368319,2026-05-24 00:00:00,2026-05-24 23:59:56
322.77,320.38,324.75,317.67,11357504655.580006,35387237,2026-05-25 00:00:00,2026-05-25 23:59:55
320.35,320.05,321.25,318.8,6063906052.149995,18942663,2026-05-26 00:00:00,2026-05-26 23:59:59
320.05,322.5,323.02,319.25,6733325904.910009,20931789,2026-05-27 00:00:00,2026-05-27 23:59:59
322.5,322.3,323.9,321.7,4839616961.03999,14996154,2026-05-28 00:00:00,2026-05-28 23:59:58
321.77,320.57,322.71,319.54,5531357567.209995,17242709,2026-05-29 00:00:00,2026-05-29 23:59:58
320.67,321.19,321.21,320.57,300333708.24000007,935757,2026-05-30 00:00:00,2026-05-30 23:59:59
321.2,321.47,321.55,320.69,264037018.24999997,822058,2026-05-31 00:00:00,2026-05-31 23:59:56
321.55,322.99,323.47,321.34,5523401780.78,17130488,2026-06-01 00:00:00,2026-06-01 23:59:58
323,326.75,326.85,322.17,8627612174.83,26541120,2026-06-02 00:00:00,2026-06-02 23:59:59
326.7,323.37,327.5,323.21,6744383376.239982,20741230,2026-06-03 00:00:00,2026-06-03 23:59:58
323.38,322.92,324.78,321.85,5455432307.339995,16872624,2026-06-04 00:00:00,2026-06-04 23:59:58
323,322.19,323.33,321.52,4000280809.2300043,12413671,2026-06-05 00:00:00,2026-06-05 23:59:58
322.21,322.45,322.55,321.85,442705484.81000036,1373638,2026-06-06 00:00:00,2026-06-06 23:59:59
322.35,322.96,322.99,322.35,300237264.3799999,930144,2026-06-07 00:00:00,2026-06-07 23:59:56
322.99,320,323.69,319.45,7378983563.360002,22993229,2026-06-08 00:00:00,2026-06-08 23:59:54
320.23,321.02,321.77,317.77,8284345276.409993,25885632,2026-06-09 00:00:00,2026-06-09 23:59:59
321.67,321.88,323,319,7170354506.329982,22329203,2026-06-10 00:00:00,2026-06-10 23:59:59
321.88,321.2,322.88,320.9,3163583242.839997,9826768,2026-06-11 00:00:00,2026-06-11 23:59:58
321.3,322.22,322.39,321.2,369550826.48999995,1147890,2026-06-12 00:00:00,2026-06-12 23:59:56
322.22,322.27,322.66,322.13,276915920.6200002,858809,2026-06-13 00:00:00,2026-06-13 23:59:59
322.67,323.16,323.5,321.9,419384851.65000004,1300658,2026-06-14 00:00:00,2026-06-14 23:59:56
323.25,324.6,325.28,322.99,6448184397.840012,19883555,2026-06-15 00:00:00,2026-06-15 23:59:59
324.7,320.25,324.9,318.15,10434186929.269993,32508771,2026-06-16 00:00:00,2026-06-16 23:59:55
320.44,319.17,321,318.71,5116400313.070005,16011163,2026-06-17 00:00:00,2026-06-17 23:59:58
319.16,315.4,319.79,313.5,17559060422.650024,55611719,2026-06-18 00:00:00,2026-06-18 23:59:59
315.48,312.84,316.75,310.61,13708623588.340004,43729791,2026-06-19 00:00:00,2026-06-19 23:59:54
313.48,301.93,314.45,298.53,26370154294.570007,86075833,2026-06-22 00:00:00,2026-06-22 23:59:53
301.93,307.21,308.98,295.48,17867103691.240005,58634002,2026-06-23 00:00:00,2026-06-23 23:59:59
307.31,301.92,310.33,298,16795303699.17001,55513803,2026-06-24 00:00:00,2026-06-24 23:59:59
302.47,295.16,305.8,294.2,22917512086.839973,76647625,2026-06-25 00:00:00,2026-06-25 23:59:59
296,299.18,303.9,290.35,25366862417.630028,85683639,2026-06-26 00:00:00,2026-06-26 23:59:57
299.5,299.69,301.36,299.18,873072949.8899993,2907428,2026-06-27 00:00:00,2026-06-27 23:59:57
299.7,299.97,300.47,298.61,846593737.6599994,2824723,2026-06-28 00:00:00,2026-06-28 23:59:59
300,307.9,308.55,296.02,16759498508.230017,55268988,2026-06-29 00:00:00,2026-06-29 23:59:59
307.9,308.09,312.65,305.7,13896680102.2,44933411,2026-06-30 00:00:00,2026-06-30 23:59:59
308.12,307.04,311.57,305.55,12577118854.98001,40780087,2026-07-01 00:00:00,2026-07-01 23:59:53
307.1,301.05,308.2,299.83,13931986134.189997,45930395,2026-07-02 00:00:00,2026-07-02 23:59:55
301.65,301.19,303.25,298.04,9917346319.930002,33006616,2026-07-03 00:00:00,2026-07-03 23:59:59
301.39,300.76,301.69,300.28,408275325.5800004,1357409,2026-07-04 00:00:00,2026-07-04 23:59:59
304.42,303.34,304.42,302.01,828609350.0199997,2735540,2026-07-05 00:00:00,2026-07-05 23:59:56
303.47,298.77,305.6,294.07,13846175029.450016,46121572,2026-07-06 00:00:00,2026-07-06 23:59:55
299.02,298.98,299.47,292.12,14593974011.150003,49403734,2026-07-07 00:00:00,2026-07-07 23:59:51
299.38,298.66,301.18,293.8,12469193078.710003,41979587,2026-07-08 00:00:00,2026-07-08 23:59:59
298.66,294.54,299.06,293.85,9576906437.979996,32299129,2026-07-09 00:00:00,2026-07-09 23:59:59
294.84,290.85,295.72,290.01,11354110268.330008,38827604,2026-07-10 00:00:00,2026-07-10 23:59:58
291.1,291.31,291.36,290,683040171.9899995,2346619,2026-07-11 00:00:00,2026-07-11 23:59:56
291.45,292.8,293.21,291.35,727874519.2799995,2488986,2026-07-12 00:00:00,2026-07-12 23:59:56
293.55,293.96,296.76,292.23,11234394539.859999,38112782,2026-07-13 00:00:00,2026-07-13 23:59:54
294.5,294.56,296.1,293.45,10643758581.630037,36089498,2026-07-14 00:00:00,2026-07-14 23:59:58
294.56,288.08,294.8,287.02,13330757858.670013,45945760,2026-07-15 00:00:00,2026-07-15 23:59:59
288.28,277.02,288.59,275.55,23114190297.839985,82373465,2026-07-16 00:00:00,2026-07-16 23:59:55
277.5,279.92,282.2,272.53,21056145510.160027,75512943,2026-07-17 00:00:00,2026-07-17 23:59:55
247.3,249.34,249.34,246,5350988219.350004,21493707,2026-07-18 00:00:00,2026-07-18 23:59:59
